{
  "defaultSigningMode": "PROMPT",
  "enableMod": true,
  "showNCRButton": false,
  "showReloadButton": false,
  "verifiedIconEnabled": false,
  "showServerSafety": false,
  "hideInsecureMessageIndicators": true,
  "hideModifiedMessageIndicators": true,
  "hideSystemMessageIndicators": true,
  "hideWarningToast": true,
  "hideSigningRequestMessage": true,
  "alwaysHideReportButton": true,
  "skipRealmsWarning": false,
  "disableTelemetry": true,
  "removeTelemetryButton": true,
  "demandOnServer": false,
  "verifiedIconOffsetX": 0,
  "verifiedIconOffsetY": 0
}